"Data Source","World Development Indicators",

"Last Updated Date","2021-11-23",

"Country Name","Country Code","Indicator Name","Indicator Code","1960","1961","1962","1963","1964","1965","1966","1967","1968","1969","1970","1971","1972","1973","1974","1975","1976","1977","1978","1979","1980","1981","1982","1983","1984","1985","1986","1987","1988","1989","1990","1991","1992","1993","1994","1995","1996","1997","1998","1999","2000","2001","2002","2003","2004","2005","2006","2007","2008","2009","2010","2011","2012","2013","2014","2015","2016","2017","2018","2019","2020",
"Aruba","ABW","High-technology exports (current US$)","TX.VAL.TECH.CD","","","","","","","","","","","","","","","","","","","","","","","","","","","","","","","","","","","","","","","","","","","","","","","","","","1082577","703388","1269221","3656986","1702027","2236381","1265878","1255860","2011640","2562959","1655305","1788368",
"Africa Eastern and Southern","AFE","High-technology exports (current US$)","TX.VAL.TECH.CD","","","","","","","","","","","","","","","","","","","","","","","","","","","","","","","","","","","","","","","","","","","","","","","","","","","","","","3030523260","3106709270","3292875337","3084595317","2624117073","2658268464","","",
"Afghanistan","AFG","High-technology exports (current US$)","TX.VAL.TECH.CD","","","","","","","","","","","","","","","","","","","","","","","","","","","","","","","","","","","","","","","","","","","","","","","","","","","","","","","","","","","","","",
"Africa Western and Central","AFW","High-technology exports (current US$)","TX.VAL.TECH.CD","","","","","","","","","","","","","","","","","","","","","","","","","","","","","","","","","","","","","","","","","","","","","","","","","","","","","","","","","293118465","","","","",
"Angola","AGO","High-technology exports (current US$)","TX.VAL.TECH.CD","","","","","","","","","","","","","","","","","","","","","","","","","","","","","","","","","","","","","","","","","","","","","","","","","","","","","","","","126472559","126442410","112647525","98225931","","",
"Albania","ALB","High-technology exports (current US$)","TX.VAL.TECH.CD","","","","","","","","","","","","","","","","","","","","","","","","","","","","","","","","","","","","","","","","","","","","","","","","","","10128935","14074208","11890517","10059840","10843586","1960836","16607486","10199913","1119016","591717","1753203","5055767",
"Andorra","AND","High-technology exports (current US$)","TX.VAL.TECH.CD","","","","","","","","","","","","","","","","","","","","","","","","","","","","","","","","","","","","","","","","","","","","","","","","33424896","17935435","10402350","19545650","18990187","19714197","21595662","18015814","17999514","21706225","24235417","33913480","","",
"Arab World","ARB","High-technology exports (current US$)","TX.VAL.TECH.CD","","","","","","","","","","","","","","","","","","","","","","","","","","","","","","","","","","","","","","","","","","","","","","","","","","","","","","","3218662442","3220480652","2717668706","2819151355","","","",
"United Arab Emirates","ARE","High-technology exports (current US$)","TX.VAL.TECH.CD","","","","","","","","","","","","","","","","","","","","","","","","","","","","","","","","","","","","","","","","","","","","","","","","","214703081.999999","","","","493096465","401364038","1493181545","905209769","484009162","501084756.000001","677692018.999998","637938263","",
"Argentina","ARG","High-technology exports (current US$)","TX.VAL.TECH.CD","","","","","","","","","","","","","","","","","","","","","","","","","","","","","","","","","","","","","","","","","","","","","","","","1215431790","2026087341","1615045571","1700363226","1936261822","1664145543","1797685979","1515780203","1484221227","1339371534","1494147748","647172436","561915854","546445776",
"Armenia","ARM","High-technology exports (current US$)","TX.VAL.TECH.CD","","","","","","","","","","","","","","","","","","","","","","","","","","","","","","","","","","","","","","","","","","","","","","","","5195605","7247588","5130103","4727601","7448895","7581094.99999999","9332592","9307631","11860132","21845876","28235643","36293329","45646416","28653375",
"American Samoa","ASM","High-technology exports (current US$)","TX.VAL.TECH.CD","","","","","","","","","","","","","","","","","","","","","","","","","","","","","","","","","","","","","","","","","","","","","","","","","","","","","","","","","","","","","",
"Antigua and Barbuda","ATG","High-technology exports (current US$)","TX.VAL.TECH.CD","","","","","","","","","","","","","","","","","","","","","","","","","","","","","","","","","","","","","","","","","","","","","","","","","","","","","","","","","161.999999999978","3182.99999999999","11437","","",
"Australia","AUS","High-technology exports (current US$)","TX.VAL.TECH.CD","","","","","","","","","","","","","","","","","","","","","","","","","","","","","","","","","","","","","","","","","","","","","","","","3880514289","4487704547","3866842538","4589861226","5651820508","5488081110","5367019937","5487641576","5123915237","5406743775","4837243928","5274079796","6411061180","5709107539",
"Austria","AUT","High-technology exports (current US$)","TX.VAL.TECH.CD","","","","","","","","","","","","","","","","","","","","","","","","","","","","","","","","","","","","","","","","","","","","","","","","16729869892","17679273513","14167226735","15804923820","17850022700","18477385978","20794516765","21648681499","18086949416","17339815988","17027611644","16687499480","15989939763","15988002803",
"Azerbaijan","AZE","High-technology exports (current US$)","TX.VAL.TECH.CD","","","","","","","","","","","","","","","","","","","","","","","","","","","","","","","","","","","","","","","","","","","","","","","","16910321","7425965","4537422","7200494","10676252","45374670","73400927","37909594","15948624","11900634","14069403","21177989","27996627","36524219",
"Burundi","BDI","High-technology exports (current US$)","TX.VAL.TECH.CD","","","","","","","","","","","","","","","","","","","","","","","","","","","","","","","","","","","","","","","","","","","","","","","","","","","","","","51849","392605","762345","600998","224837","2019594","224575","",
"Belgium","BEL","High-technology exports (current US$)","TX.VAL.TECH.CD","","","","","","","","","","","","","","","","","","","","","","","","","","","","","","","","","","","","","","","","","","","","","","","","28396289840","31722414899","32200637217","18132848199","19821494036","18634181992","23059238990","26820816140","22603227669","27221436333","25316664433","28309448235","33056860462","35086802572",
"Benin","BEN","High-technology exports (current US$)","TX.VAL.TECH.CD","","","","","","","","","","","","","","","","","","","","","","","","","","","","","","","","","","","","","","","","","","","","","","","","","","","","","","569796","3987990.00000001","1561772","579607","4003045","1408702.99999999","1203811","",
"Burkina Faso","BFA","High-technology exports (current US$)","TX.VAL.TECH.CD","","","","","","","","","","","","","","","","","","","","","","","","","","","","","","","","","","","","","","","","","","","","","","","","","","374996","2902764","3163722","11006441","14219334","13834481","5736310","6875574","5267965","6531273","34864593","",
"Bangladesh","BGD","High-technology exports (current US$)","TX.VAL.TECH.CD","","","","","","","","","","","","","","","","","","","","","","","","","","","","","","","","","","","","","","","","","","","","","","","","","62132642","44116907","37563901","43978821","105405034","68647409","","93608711","","","","","",
"Bulgaria","BGR","High-technology exports (current US$)","TX.VAL.TECH.CD","","","","","","","","","","","","","","","","","","","","","","","","","","","","","","","","","","","","","","","","","","","","","","","","651953165","808667867","756942712","854813677","1065395711","1021666121","1174076386","1154761729","1185997086","1366736133","1684916675","2012779716","2099897945","",
"Bahrain","BHR","High-technology exports (current US$)","TX.VAL.TECH.CD","","","","","","","","","","","","","","","","","","","","","","","","","","","","","","","","","","","","","","","","","","","","","","","","","","310481.999999996","964226.000000002","1619723","7237732.00000002","18922398","47086504","22835703.9999999","21521244","14797113","11790575","","",
"Bahamas, The","BHS","High-technology exports (current US$)","TX.VAL.TECH.CD","","","","","","","","","","","","","","","","","","","","","","","","","","","","","","","","","","","","","","","","","","","","","","","","","","76.0000000000218","3453.99999999972","","","","","","5691434","23404243","6222843","","",
"Bosnia and Herzegovina","BIH","High-technology exports (current US$)","TX.VAL.TECH.CD","","","","","","","","","","","","","","","","","","","","","","","","","","","","","","","","","","","","","","","","","","","","","","","","","139606615","83180912","74437472","106590971","80768390","82136598","93752141","99438658","96218192","236675619","261379317","253657306","212050899",
"Belarus","BLR","High-technology exports (current US$)","TX.VAL.TECH.CD","","","","","","","","","","","","","","","","","","","","","","","","","","","","","","","","","","","","","","","","","","","","","","","","","417556600","323176600","407456800","514192800","635603100","795290700","693015900","577142200","625774800","687613900","716991900","756914800","801655200",
"Belize","BLZ","High-technology exports (current US$)","TX.VAL.TECH.CD","","","","","","","","","","","","","","","","","","","","","","","","","","","","","","","","","","","","","","","","","","","","","","","","","","","","265036","","","","","","9.99999999930878","6270.00000000044","","64217",
"Bermuda","BMU","High-technology exports (current US$)","TX.VAL.TECH.CD","","","","","","","","","","","","","","","","","","","","","","","","","","","","","","","","","","","","","","","","","","","","","","","","","","","","","830077","2667623","2564052","1028795","1280911","1136949","2939781","1569638","869523",
"Bolivia","BOL","High-technology exports (current US$)","TX.VAL.TECH.CD","","","","","","","","","","","","","","","","","","","","","","","","","","","","","","","","","","","","","","","","","","","","","","","","15413394","17442781","14815977","37069953","48204672","52913603","44104414","33146949","24935819","15511283","19397572","19560045","14175219","13485139",
"Brazil","BRA","High-technology exports (current US$)","TX.VAL.TECH.CD","","","","","","","","","","","","","","","","","","","","","","","","","","","","","","","","","","","","","","","","","","","","","","","","9536959527","10796083196","8464064203","8823203502","9155323216","9473970369","9071452337","8806873085","9446940765","10415967029","10749591878","11094536545","9426330603","5969585015",
"Barbados","BRB","High-technology exports (current US$)","TX.VAL.TECH.CD","","","","","","","","","","","","","","","","","","","","","","","","","","","","","","","","","","","","","","","","","","","","","","","","","","","","","","","","","","","","29762994","25313813",
"Brunei Darussalam","BRN","High-technology exports (current US$)","TX.VAL.TECH.CD","","","","","","","","","","","","","","","","","","","","","","","","","","","","","","","","","","","","","","","","","","","","","","","","","","54875547","115298511","121027394","77650222","59457618","67956830","81862668","76850710","161870645","115050.999999999","49738934","",
"Bhutan","BTN","High-technology exports (current US$)","TX.VAL.TECH.CD","","","","","","","","","","","","","","","","","","","","","","","","","","","","","","","","","","","","","","","","","","","","","","","","1941520","9525","439945","394616","272","58575","","","","","","","","",
"Botswana","BWA","High-technology exports (current US$)","TX.VAL.TECH.CD","","","","","","","","","","","","","","","","","","","","","","","","","","","","","","","","","","","","","","","","","","","","","","","","","","","","","","26072351","18361265","37475913","28756911","52657763","38519418","19399628","16238757",
"Central African Republic","CAF","High-technology exports (current US$)","TX.VAL.TECH.CD","","","","","","","","","","","","","","","","","","","","","","","","","","","","","","","","","","","","","","","","","","","","","","","","","","","632110","1394","134458","10012","","4091308","6613251","35462285","8173212","","",
"Canada","CAN","High-technology exports (current US$)","TX.VAL.TECH.CD","","","","","","","","","","","","","","","","","","","","","","","","","","","","","","","","","","","","","","","","","","","","","","","","30805025981","30538739415","26149995016","27247838004","28135169998","33776153653","32769499866","29530952353","28847379685","26796566317","27599664924","31036316910","32423076385","26040618938",
"Central Europe and the Baltics","CEB","High-technology exports (current US$)","TX.VAL.TECH.CD","","","","","","","","","","","","","","","","","","","","","","","","","","","","","","","","","","","","","","","","","","","","","","","","50152434309","60997055055","54161135518","65084182319","78192567931","72234588940","76743126985","82382246952","77183851196","80536685436","90019834335","103457431912","102880507303","103154078559",
"Switzerland","CHE","High-technology exports (current US$)","TX.VAL.TECH.CD","","","","","","","","","","","","","","","","","","","","","","","","","","","","","","","","","","","","","","","","","","","","","","","","36292350478","43544739726","40522692827","43641097888","51174506279","51313676663","54387922156","57114920705","54267152351","55552582293","29844323632","30136242614","29879336966","29236830495",
"Channel Islands","CHI","High-technology exports (current US$)","TX.VAL.TECH.CD","","","","","","","","","","","","","","","","","","","","","","","","","","","","","","","","","","","","","","","","","","","","","","","","","","","","","","","","","","","","","",
"Chile","CHL","High-technology exports (current US$)","TX.VAL.TECH.CD","","","","","","","","","","","","","","","","","","","","","","","","","","","","","","","","","","","","","","","","","","","","","","","","655059603","693628846","466984787","556489692","560486945","574677742","728933021","761285160","612696043","733958318","623854353","680276777","676197773","",
"China","CHN","High-technology exports (current US$)","TX.VAL.TECH.CD","","","","","","","","","","","","","","","","","","","","","","","","","","","","","","","","","","","","","","","","","","","","","","","","342609990249","390993679705","359273932009","474521815988","540194662418","593894382352","655996259990","653870449086","652237382663","594551851891","654187610235","731890595214","715843469845","757723684192",
"Cote d'Ivoire","CIV","High-technology exports (current US$)","TX.VAL.TECH.CD","","","","","","","","","","","","","","","","","","","","","","","","","","","","","","","","","","","","","","","","","","","","","","","","","186083376","197109529","70491477","177476167","96850645","166909348","243079002","188548008","126534585","137431113","78785574","141822739","",
"Cameroon","CMR","High-technology exports (current US$)","TX.VAL.TECH.CD","","","","","","","","","","","","","","","","","","","","","","","","","","","","","","","","","","","","","","","","","","","","","","","","","","","","","","14007083","28621329","14107828","11759707","30197985","","","",
"Congo, Dem. Rep.","COD","High-technology exports (current US$)","TX.VAL.TECH.CD","","","","","","","","","","","","","","","","","","","","","","","","","","","","","","","","","","","","","","","","","","","","","","","","","","","","","","","","63391662","5559881","9337454","26674780","32092118","17445949",
"Congo, Rep.","COG","High-technology exports (current US$)","TX.VAL.TECH.CD","","","","","","","","","","","","","","","","","","","","","","","","","","","","","","","","","","","","","","","","","","","","","","","","","","","","","","","50969354","63301838","75582346","90335843","42263310","31263357","",
"Colombia","COL","High-technology exports (current US$)","TX.VAL.TECH.CD","","","","","","","","","","","","","","","","","","","","","","","","","","","","","","","","","","","","","","","","","","","","","","","","360315732","476182109","494733006","461947300","436937539","572836749","781609895","762857177","824135430","778286862","694848478","606299077","759451766","706728634",
"Comoros","COM","High-technology exports (current US$)","TX.VAL.TECH.CD","","","","","","","","","","","","","","","","","","","","","","","","","","","","","","","","","","","","","","","","","","","","","","","","","","","","","","","194926","134024","20214","2120514","28671","834198","",
"Cabo Verde","CPV","High-technology exports (current US$)","TX.VAL.TECH.CD","","","","","","","","","","","","","","","","","","","","","","","","","","","","","","","","","","","","","","","","","","","","","","","","","","","","62510.9999999995","","","331","","","","12","","",
"Costa Rica","CRI","High-technology exports (current US$)","TX.VAL.TECH.CD","","","","","","","","","","","","","","","","","","","","","","","","","","","","","","","","","","","","","","","","","","","","","","","","2537251576","2435412469","1795033449","2203423980","2521508758","2732195463","3074122924","2418629267","869907738","951923465","1106846239","1148831708","1154572220","",
"Caribbean small states","CSS","High-technology exports (current US$)","TX.VAL.TECH.CD","","","","","","","","","","","","","","","","","","","","","","","","","","","","","","","","","","","","","","","","","","","","","","","","","","","11931807","","66120995","","","","23765259","38272245","29598686","","",
"Cuba","CUB","High-technology exports (current US$)","TX.VAL.TECH.CD","","","","","","","","","","","","","","","","","","","","","","","","","","","","","","","","","","","","","","","","","","","","","","","","","","","","","","","","","","","","","",
"Curacao","CUW","High-technology exports (current US$)","TX.VAL.TECH.CD","","","","","","","","","","","","","","","","","","","","","","","","","","","","","","","","","","","","","","","","","","","","","","","","","","","","","","","","","","","","","",
"Cayman Islands","CYM","High-technology exports (current US$)","TX.VAL.TECH.CD","","","","","","","","","","","","","","","","","","","","","","","","","","","","","","","","","","","","","","","","","","","","","","","","","","","","","","","","","","","","","",
"Cyprus","CYP","High-technology exports (current US$)","TX.VAL.TECH.CD","","","","","","","","","","","","","","","","","","","","","","","","","","","","","","","","","","","","","","","","","","","","","","","","96700001","123587756","109541359","143937802","112875069","55513253","56343471","68439984","55564483","56096171","54768490","95712383","92911881","55205949",
"Czech Republic","CZE","High-technology exports (current US$)","TX.VAL.TECH.CD","","","","","","","","","","","","","","","","","","","","","","","","","","","","","","","","","","","","","","","","","","","","","","","","16618591678","20130962520","17057891974","20395531524","26850108584","25444035514","24688886246","26920796119","24815446357","24842643045","29543508515","36128837160","37834284166","39625097614",
"Germany","DEU","High-technology exports (current US$)","TX.VAL.TECH.CD","","","","","","","","","","","","","","","","","","","","","","","","","","","","","","","","","","","","","","","","","","","","","","","","169887312000","183535525092","159207939862","180522971795","203237045896","204071158697","210129818072","216297040017","199797306303","206133813845","195752362801","210082307180","208677809287","180663902528",
"Djibouti","DJI","High-technology exports (current US$)","TX.VAL.TECH.CD","","","","","","","","","","","","","","","","","","","","","","","","","","","","","","","","","","","","","","","","","","","","","","","","","","1331100","","","","","","","","","","","",
"Dominica","DMA","High-technology exports (current US$)","TX.VAL.TECH.CD","","","","","","","","","","","","","","","","","","","","","","","","","","","","","","","","","","","","","","","","","","","","","","","","","","","154223","","1949279","","","","","","","","",
"Denmark","DNK","High-technology exports (current US$)","TX.VAL.TECH.CD","","","","","","","","","","","","","","","","","","","","","","","","","","","","","","","","","","","","","","","","","","","","","","","","12072883508","12420438803","11257888044","9011723053","10408611696","9742795424","10204683144","10641145823","10096888703","10056851237","8937322533","9567953051","9581327558","10497046561",
"Dominican Republic","DOM","High-technology exports (current US$)","TX.VAL.TECH.CD","","","","","","","","","","","","","","","","","","","","","","","","","","","","","","","","","","","","","","","","","","","","","","","","561963759","171278177","79348996","75811122","97407060","145436381","197793261","223054401","206620652","230969486","432904183","383916253","","",
"Algeria","DZA","High-technology exports (current US$)","TX.VAL.TECH.CD","","","","","","","","","","","","","","","","","","","","","","","","","","","","","","","","","","","","","","","","","","","","","","","","6815093","8596814","4616076","5381398","3565016","2215525","3256008","4033112","2549728","4844795","9027398","","","",
"East Asia & Pacific (excluding high income)","EAP","High-technology exports (current US$)","TX.VAL.TECH.CD","","","","","","","","","","","","","","","","","","","","","","","","","","","","","","","","","","","","","","","","","","","","","","","","","","","","","","","","","","","","","",
"Early-demographic dividend","EAR","High-technology exports (current US$)","TX.VAL.TECH.CD","","","","","","","","","","","","","","","","","","","","","","","","","","","","","","","","","","","","","","","","","","","","","","","","","","","85839429009","100398190158","101389630377","","111090124738","106270812604","105653146558","149030258644","158337513243","","",
"East Asia & Pacific","EAS","High-technology exports (current US$)","TX.VAL.TECH.CD","","","","","","","","","","","","","","","","","","","","","","","","","","","","","","","","","","","","","","","","","","","","","","","","","","","","","","","","","","","","","",
"Europe & Central Asia (excluding high income)","ECA","High-technology exports (current US$)","TX.VAL.TECH.CD","","","","","","","","","","","","","","","","","","","","","","","","","","","","","","","","","","","","","","","","","","","","","","","","","","13095108355","16339968510","20685262241","22686733079","25154877368","27534633231","26879479143","26034415440","26624456872","27440217384","29203693632","13885335218",
"Europe & Central Asia","ECS","High-technology exports (current US$)","TX.VAL.TECH.CD","","","","","","","","","","","","","","","","","","","","","","","","","","","","","","","","","","","","","","","","","","","","","","","","681967875427","733400520093","628482416093","698247925874","788231387788","770155616898","799635397346","830380339004","765848463616","788974466891","762445402166","814215777564","826981638290","746463395318",
"Ecuador","ECU","High-technology exports (current US$)","TX.VAL.TECH.CD","","","","","","","","","","","","","","","","","","","","","","","","","","","","","","","","","","","","","","","","","","","","","","","","","82118802","54807593","146605389","59881533","55266062","78998915","81594903","103054633","111063506","94376522","68401030","68045527","",
"Egypt, Arab Rep.","EGY","High-technology exports (current US$)","TX.VAL.TECH.CD","","","","","","","","","","","","","","","","","","","","","","","","","","","","","","","","","","","","","","","","","","","","","","","","","98833693","84124958","104581857","133427057","78780353","72676207","168393197","89647033","56095793","73845751","125216606","323853847","350304530",
"Euro area","EMU","High-technology exports (current US$)","TX.VAL.TECH.CD","","","","","","","","","","","","","","","","","","","","","","","","","","","","","","","","","","","","","","","","","","","","","","","","487933533164","518972610635","447674715545","483588139831","538863112945","531155050240","551241063667","571149532076","518169462951","539808906786","533886253344","571494574854","580733603865","527657261838",
"Eritrea","ERI","High-technology exports (current US$)","TX.VAL.TECH.CD","","","","","","","","","","","","","","","","","","","","","","","","","","","","","","","","","","","","","","","","","","","","","","","","","","","","","","","","","","","","","",
"Spain","ESP","High-technology exports (current US$)","TX.VAL.TECH.CD","","","","","","","","","","","","","","","","","","","","","","","","","","","","","","","","","","","","","","","","","","","","","","","","10508338270","11256202821","10391252620","11508341613","13572391465","13770856860","14486333371","14672762790","13112214605","15605962203","14936653565","15506803958","15069892196","15731961265",
"Estonia","EST","High-technology exports (current US$)","TX.VAL.TECH.CD","","","","","","","","","","","","","","","","","","","","","","","","","","","","","","","","","","","","","","","","","","","","","","","","894803112","976615336","671662055","1253040823","2547547548","2356422334","2546304376","2708974360","2053273080","2106427460","1844023020","1909128745","1735679562","2152728457",
"Ethiopia","ETH","High-technology exports (current US$)","TX.VAL.TECH.CD","","","","","","","","","","","","","","","","","","","","","","","","","","","","","","","","","","","","","","","","","","","","","","","","","8353730","6989320","9180497","5739492","8248204","5601191","24227832","15626131","10502625","7925746","9903646","","",
"European Union","EUU","High-technology exports (current US$)","TX.VAL.TECH.CD","","","","","","","","","","","","","","","","","","","","","","","","","","","","","","","","","","","","","","","","","","","","","","","","565673083675","608594020658","525366853165","572587085589","642132118379","622589124323","644868380903","669470339512","610148013873","635115095821","634133950405","684598006746","694633845404","642006705649",
"Fragile and conflict affected situations","FCS","High-technology exports (current US$)","TX.VAL.TECH.CD","","","","","","","","","","","","","","","","","","","","","","","","","","","","","","","","","","","","","","","","","","","","","","","","","","","","","","","","","","","","","",
"Finland","FIN","High-technology exports (current US$)","TX.VAL.TECH.CD","","","","","","","","","","","","","","","","","","","","","","","","","","","","","","","","","","","","","","","","","","","","","","","","15797675341","16915233282","8742550406","7053018058","6422505575","5473606478","4694300378","5102703824","4250977309","3966656486","4405114576","4515414673","4563213733","4425053475",
"Fiji","FJI","High-technology exports (current US$)","TX.VAL.TECH.CD","","","","","","","","","","","","","","","","","","","","","","","","","","","","","","","","","","","","","","","","","","","","","","","","","5262584","5167974","5152322","5386999","2769706","2715492.99999999","3352286.00000001","2259048","3238852","4089667","4660337","61615525","",
"France","FRA","High-technology exports (current US$)","TX.VAL.TECH.CD","","","","","","","","","","","","","","","","","","","","","","","","","","","","","","","","","","","","","","","","","","","","","","","","86673912452","100129958099","88872522741","106441068497","112914418716","114947402194","119314806417","121375781336","110206317007","109316534720","109359053829","117814412441","120896951796","87649838585",
"Faroe Islands","FRO","High-technology exports (current US$)","TX.VAL.TECH.CD","","","","","","","","","","","","","","","","","","","","","","","","","","","","","","","","","","","","","","","","","","","","","","","","135174","6442960","358803","","","","","","","","","","","",
"Micronesia, Fed. Sts.","FSM","High-technology exports (current US$)","TX.VAL.TECH.CD","","","","","","","","","","","","","","","","","","","","","","","","","","","","","","","","","","","","","","","","","","","","","","","","","","","","","","","","","","","","","",
"Gabon","GAB","High-technology exports (current US$)","TX.VAL.TECH.CD","","","","","","","","","","","","","","","","","","","","","","","","","","","","","","","","","","","","","","","","","","","","","","","","","","","","","","","","","","","","","",
"United Kingdom","GBR","High-technology exports (current US$)","TX.VAL.TECH.CD","","","","","","","","","","","","","","","","","","","","","","","","","","","","","","","","","","","","","","","","","","","","","","","","69643938581","68244894936","49442450948","67432951910","76724121952","74212593263","75593926804","76895178085","75619201291","75001628651","75275694845","76926541023","78176113114","64038019258",
"Georgia","GEO","High-technology exports (current US$)","TX.VAL.TECH.CD","","","","","","","","","","","","","","","","","","","","","","","","","","","","","","","","","","","","","","","","","","","","","","","","","","14814975","14266474","12154187","20048798","21318338","35254744","35750560","18513659","23140934","26947948","19350658","14030856",
"Ghana","GHA","High-technology exports (current US$)","TX.VAL.TECH.CD","","","","","","","","","","","","","","","","","","","","","","","","","","","","","","","","","","","","","","","","","","","","","","","","","","","9246468","23761633","76336097","62421497","144096432","89425067","21056625","41531749","50006668","9928827","",
"Gibraltar","GIB","High-technology exports (current US$)","TX.VAL.TECH.CD","","","","","","","","","","","","","","","","","","","","","","","","","","","","","","","","","","","","","","","","","","","","","","","","","","","","","","","","","","","","","",
"Guinea","GIN","High-technology exports (current US$)","TX.VAL.TECH.CD","","","","","","","","","","","","","","","","","","","","","","","","","","","","","","","","","","","","","","","","","","","","","","","","","","","","","","989751","3601290","2455734","799558","","","","",
"Gambia, The","GMB","High-technology exports (current US$)","TX.VAL.TECH.CD","","","","","","","","","","","","","","","","","","","","","","","","","","","","","","","","","","","","","","","","","","","","","","","","","","","","22565","12712","24498","","738","","2090","6066","402","1274",
"Guinea-Bissau","GNB","High-technology exports (current US$)","TX.VAL.TECH.CD","","","","","","","","","","","","","","","","","","","","","","","","","","","","","","","","","","","","","","","","","","","","","","","","","","","","","","","","","","","","","",
"Equatorial Guinea","GNQ","High-technology exports (current US$)","TX.VAL.TECH.CD","","","","","","","","","","","","","","","","","","","","","","","","","","","","","","","","","","","","","","","","","","","","","","","","","","","","","","","","","","","","","",
"Greece","GRC","High-technology exports (current US$)","TX.VAL.TECH.CD","","","","","","","","","","","","","","","","","","","","","","","","","","","","","","","","","","","","","","","","","","","","","","","","1121475103","1598377068","1368731589","1296421405","1402430844","1137984293","950028738","1337152824","1330536725","1415256394","1384000150","1754801996","1778210448","2006972041",
"Grenada","GRD","High-technology exports (current US$)","TX.VAL.TECH.CD","","","","","","","","","","","","","","","","","","","","","","","","","","","","","","","","","","","","","","","","","","","","","","","","","","","78110","","195834","","1221587","355896","2988675","331598","1278879","796931","112035",
"Greenland","GRL","High-technology exports (current US$)","TX.VAL.TECH.CD","","","","","","","","","","","","","","","","","","","","","","","","","","","","","","","","","","","","","","","","","","","","","","","","1700118","486704","300793","13306185","1773162","3325952","919558","257024","12776484","2115983","1743354","487975","","",
"Guatemala","GTM","High-technology exports (current US$)","TX.VAL.TECH.CD","","","","","","","","","","","","","","","","","","","","","","","","","","","","","","","","","","","","","","","","","","","","","","","","125890881","157357031","149657695","228568349","198224980","208074792","213728660","229856419","249133981","259700353","246966678","255890380","241853800","300657592",
"Guam","GUM","High-technology exports (current US$)","TX.VAL.TECH.CD","","","","","","","","","","","","","","","","","","","","","","","","","","","","","","","","","","","","","","","","","","","","","","","","","","","","","","","","","","","","","",
"Guyana","GUY","High-technology exports (current US$)","TX.VAL.TECH.CD","","","","","","","","","","","","","","","","","","","","","","","","","","","","","","","","","","","","","","","","","","","","","","","","411706","70848.0000000001","16213","74241","95679.0000000001","41530","119766","105393","90066.9999999996","161359","254735.000000001","82703","95124.0000000003","1133987",
"High income","HIC","High-technology exports (current US$)","TX.VAL.TECH.CD","","","","","","","","","","","","","","","","","","","","","","","","","","","","","","","","","","","","","","","","","","","","","","","","","","1201630110225","","1386583200125","1372672281890","1399879254324","1437123342280","1354375796272","1358176933458","1653884843953","1785024860726","","",
"Hong Kong SAR, China","HKG","High-technology exports (current US$)","TX.VAL.TECH.CD","","","","","","","","","","","","","","","","","","","","","","","","","","","","","","","","","","","","","","","","","","","","","","","","2650435083","2354314069.00001","1999988430.00001","2527688328.00001","1223155019.99998","962302375","680836567.999989","540930247.999996","453113873.999983","469855937.000006","293614183698","330093815142","322038776661","340139388530",
"Honduras","HND","High-technology exports (current US$)","TX.VAL.TECH.CD","","","","","","","","","","","","","","","","","","","","","","","","","","","","","","","","","","","","","","","","","","","","","","","","9813708","","15498509","19523512","12063500","39629273","","44610834","18698692","37769500","45740961","29002647","12634974","",
"Heavily indebted poor countries (HIPC)","HPC","High-technology exports (current US$)","TX.VAL.TECH.CD","","","","","","","","","","","","","","","","","","","","","","","","","","","","","","","","","","","","","","","","","","","","","","","","","","","","","","","815928180","665751940","708011208","595087626","593392558","","",
"Croatia","HRV","High-technology exports (current US$)","TX.VAL.TECH.CD","","","","","","","","","","","","","","","","","","","","","","","","","","","","","","","","","","","","","","","","","","","","","","","","803505740","936982483","792991353","817139880","776016219","913351649","999788842","915592300","915710065","1336108842","923411397","1011939688","954203937","1079692875",
"Haiti","HTI","High-technology exports (current US$)","TX.VAL.TECH.CD","","","","","","","","","","","","","","","","","","","","","","","","","","","","","","","","","","","","","","","","","","","","","","","","","","","","","","","","","","","","","",
"Hungary","HUN","High-technology exports (current US$)","TX.VAL.TECH.CD","","","","","","","","","","","","","","","","","","","","","","","","","","","","","","","","","","","","","","","","","","","","","","","","19947348000","21676178000","18119039000","20250342000","22847603000","17580685760","17144182548","15686910823","14668166894","15922190961","16903987958","18065921731","18527224783","18080536428",
"IBRD only","IBD","High-technology exports (current US$)","TX.VAL.TECH.CD","","","","","","","","","","","","","","","","","","","","","","","","","","","","","","","","","","","","","","","","","","","","","","","","","","536673632533","696729693892","785534570509","854527647967","938836300971","952580072854","948792941312","899996055104","1039696817319","1155790984598","1142327117309","",
"IDA & IBRD total","IBT","High-technology exports (current US$)","TX.VAL.TECH.CD","","","","","","","","","","","","","","","","","","","","","","","","","","","","","","","","","","","","","","","","","","","","","","","","","","","","","","940146676938","954009921011","950884328998","901940604411","1041709822754","1157793177302","","",
"IDA total","IDA","High-technology exports (current US$)","TX.VAL.TECH.CD","","","","","","","","","","","","","","","","","","","","","","","","","","","","","","","","","","","","","","","","","","","","","","","","","","","","","","","","","","","","","",
"IDA blend","IDB","High-technology exports (current US$)","TX.VAL.TECH.CD","","","","","","","","","","","","","","","","","","","","","","","","","","","","","","","","","","","","","","","","","","","","","","","","","","","","","","","513619823","","566610081","608358741","551409825","712536566","",
"Indonesia","IDN","High-technology exports (current US$)","TX.VAL.TECH.CD","","","","","","","","","","","","","","","","","","","","","","","","","","","","","","","","","","","","","","","","","","","","","","","","","","","7065519398","7291773259","7242007286","6520318705","6603091281","5900470886","5418668848","5974888118","6389604745","6285817887","6415055077",
"IDA only","IDX","High-technology exports (current US$)","TX.VAL.TECH.CD","","","","","","","","","","","","","","","","","","","","","","","","","","","","","","","","","","","","","","","","","","","","","","","","","","","","","","","","","","","","","",
"Isle of Man","IMN","High-technology exports (current US$)","TX.VAL.TECH.CD","","","","","","","","","","","","","","","","","","","","","","","","","","","","","","","","","","","","","","","","","","","","","","","","","","","","","","","","","","","","","",
"India","IND","High-technology exports (current US$)","TX.VAL.TECH.CD","","","","","","","","","","","","","","","","","","","","","","","","","","","","","","","","","","","","","","","","","","","","","","","","","","11347424854","10778725729","14546206697","13927179245","17965366385","18344917155","14615780664","14300754797","15161028362","20273090235","23643556632","21662006256",
"Not classified","INX","High-technology exports (current US$)","TX.VAL.TECH.CD","","","","","","","","","","","","","","","","","","","","","","","","","","","","","","","","","","","","","","","","","","","","","","","","","","","","","","","","","","","","","",
"Ireland","IRL","High-technology exports (current US$)","TX.VAL.TECH.CD","","","","","","","","","","","","","","","","","","","","","","","","","","","","","","","","","","","","","","","","","","","","","","","","31642374025","31031561099","26463470196","23348668172","27793208823","26223319165","25029015199","25865024116","30632324601","37990080238","34827021587","36493794777","39356223019","42492086043",
"Iran, Islamic Rep.","IRN","High-technology exports (current US$)","TX.VAL.TECH.CD","","","","","","","","","","","","","","","","","","","","","","","","","","","","","","","","","","","","","","","","","","","","","","","","","","","","710992017","","280498131","308948526","277896224","249197112","278924957","175291017","","",
"Iraq","IRQ","High-technology exports (current US$)","TX.VAL.TECH.CD","","","","","","","","","","","","","","","","","","","","","","","","","","","","","","","","","","","","","","","","","","","","","","","","","","","","","","","","","","","","","",
"Iceland","ISL","High-technology exports (current US$)","TX.VAL.TECH.CD","","","","","","","","","","","","","","","","","","","","","","","","","","","","","","","","","","","","","","","","","","","","","","","","774999866","417158537","246432607","142439834","157704167","111298114","94980249","119694467","111536289","136816468","167559778","143430802","305002021","146593791",
"Israel","ISR","High-technology exports (current US$)","TX.VAL.TECH.CD","","","","","","","","","","","","","","","","","","","","","","","","","","","","","","","","","","","","","","","","","","","","","","","","3121661000","9662205000","10540545000","10584992000","11681717000","11565015000","11744185000","12408980000","13753939000","12199784000","12057719000","12971903000","12564551000","12780723000",
"Italy","ITA","High-technology exports (current US$)","TX.VAL.TECH.CD","","","","","","","","","","","","","","","","","","","","","","","","","","","","","","","","","","","","","","","","","","","","","","","","30352903213","32850608496","28148836006","29719447144","34153221516","29851307796","32431629494","33222989923","30511569124","31317931725","32232276659","32581025234","32869409059","34865442787",
"Jamaica","JAM","High-technology exports (current US$)","TX.VAL.TECH.CD","","","","","","","","","","","","","","","","","","","","","","","","","","","","","","","","","","","","","","","","","","","","","","","","","6447307","4303754","2935421","4141872","4638187","4359115","3313970","552512.000000001","2140177","2485946","10887824","1518794","",
"Jordan","JOR","High-technology exports (current US$)","TX.VAL.TECH.CD","","","","","","","","","","","","","","","","","","","","","","","","","","","","","","","","","","","","","","","","","","","","","","","","38758062","42631517","50931443","122345003","117330940","107823091","81697863","93168512","121230000","149415963","83323220","74306903","71400169","78697324",
"Japan","JPN","High-technology exports (current US$)","TX.VAL.TECH.CD","","","","","","","","","","","","","","","","","","","","","","","","","","","","","","","","","","","","","","","","","","","","","","","","128727363860","130663627323","104428943952","130195143315","133518227403","129759453736","111570711084","107607055831","98537259154","99291270316","106424106354","111010395630","104021031779","102966232360",
"Kazakhstan","KAZ","High-technology exports (current US$)","TX.VAL.TECH.CD","","","","","","","","","","","","","","","","","","","","","","","","","","","","","","","","","","","","","","","","","","","","","","","","","","1812739413","2364844859","2599205989","3571435540","3112444089","3396247933","2856234330","2076559972","1787720485","1762977653","2251491437","",
"Kenya","KEN","High-technology exports (current US$)","TX.VAL.TECH.CD","","","","","","","","","","","","","","","","","","","","","","","","","","","","","","","","","","","","","","","","","","","","","","","","","80113877","98505674","117836309","","","78074332","","81208728","136063973","48617464","54899301","82475871","85972271",
"Kyrgyz Republic","KGZ","High-technology exports (current US$)","TX.VAL.TECH.CD","","","","","","","","","","","","","","","","","","","","","","","","","","","","","","","","","","","","","","","","","","","","","","","","","11470412","11019696","2970808","11909204","16118188","17236761","6232732","43740657","67844909","88959757","40023711","29880952","27637566",
"Cambodia","KHM","High-technology exports (current US$)","TX.VAL.TECH.CD","","","","","","","","","","","","","","","","","","","","","","","","","","","","","","","","","","","","","","","","","","","","","","","","1604572","3806890","9960158","8239391","7198370","13857078","73018956","31192962","121425750","171116016","177204852","164816025","160372353","",
"Kiribati","KIR","High-technology exports (current US$)","TX.VAL.TECH.CD","","","","","","","","","","","","","","","","","","","","","","","","","","","","","","","","","","","","","","","","","","","","","","","","","","","","","","","38747","23848","42923","","","","",
"St. Kitts and Nevis","KNA","High-technology exports (current US$)","TX.VAL.TECH.CD","","","","","","","","","","","","","","","","","","","","","","","","","","","","","","","","","","","","","","","","","","","","","","","","","","11420","302278","34590","12585339","10761053","7944481","4863484","5702668","6842006","","","",
"Korea, Rep.","KOR","High-technology exports (current US$)","TX.VAL.TECH.CD","","","","","","","","","","","","","","","","","","","","","","","","","","","","","","","","","","","","","","","","","","","","","","","","106536575954","110796256042","103496484580","132079020904","133473672851","130689572360","143484623384","149059893806","147118868911","135914291176","166675269584","192789656676","153561173548","163988797604",
"Kuwait","KWT","High-technology exports (current US$)","TX.VAL.TECH.CD","","","","","","","","","","","","","","","","","","","","","","","","","","","","","","","","","","","","","","","","","","","","","","","","","","","128299623","131438847","","97593423","5504361","4070227","3788702","5445870.99999998","231363392","26496303","",
"Latin America & Caribbean (excluding high income)","LAC","High-technology exports (current US$)","TX.VAL.TECH.CD","","","","","","","","","","","","","","","","","","","","","","","","","","","","","","","","","","","","","","","","","","","","","","","","","","52009101606","63548325046","72295546965","75090623457","76380254322","76938680803","74669771387","78020677537","86480171051","89769186876","87995058368","",
"Lao PDR","LAO","High-technology exports (current US$)","TX.VAL.TECH.CD","","","","","","","","","","","","","","","","","","","","","","","","","","","","","","","","","","","","","","","","","","","","","","","","","","","19433467","21093611","11789240","45042419","153548989","298095467","275176774","389702541","467981186","229427369","",
"Lebanon","LBN","High-technology exports (current US$)","TX.VAL.TECH.CD","","","","","","","","","","","","","","","","","","","","","","","","","","","","","","","","","","","","","","","","","","","","","","","","51309079","77054015","161873124","605177111","61167596","44875795","50373171","46480137","37644903","38914218","272165501","39529301","","76215323",
"Liberia","LBR","High-technology exports (current US$)","TX.VAL.TECH.CD","","","","","","","","","","","","","","","","","","","","","","","","","","","","","","","","","","","","","","","","","","","","","","","","","","","","","","","","","","","","","",
"Libya","LBY","High-technology exports (current US$)","TX.VAL.TECH.CD","","","","","","","","","","","","","","","","","","","","","","","","","","","","","","","","","","","","","","","","","","","","","","","","","","","","","","","","","","","","","",
"St. Lucia","LCA","High-technology exports (current US$)","TX.VAL.TECH.CD","","","","","","","","","","","","","","","","","","","","","","","","","","","","","","","","","","","","","","","","","","","","","","","","","","","","","1513358","2882323","2100682","2083156","4560982","3921940","9939617","5351934","",
"Latin America & Caribbean","LCN","High-technology exports (current US$)","TX.VAL.TECH.CD","","","","","","","","","","","","","","","","","","","","","","","","","","","","","","","","","","","","","","","","","","","","","","","","","","","","","75913515907","","","","","87265501752","","","",
"Least developed countries: UN classification","LDC","High-technology exports (current US$)","TX.VAL.TECH.CD","","","","","","","","","","","","","","","","","","","","","","","","","","","","","","","","","","","","","","","","","","","","","","","","","","","","","","","","912622413","1233812582","","","","",
"Low income","LIC","High-technology exports (current US$)","TX.VAL.TECH.CD","","","","","","","","","","","","","","","","","","","","","","","","","","","","","","","","","","","","","","","","","","","","","","","","","","","","","","","","","","","","","",
"Liechtenstein","LIE","High-technology exports (current US$)","TX.VAL.TECH.CD","","","","","","","","","","","","","","","","","","","","","","","","","","","","","","","","","","","","","","","","","","","","","","","","","","","","","","","","","","","","","",
"Sri Lanka","LKA","High-technology exports (current US$)","TX.VAL.TECH.CD","","","","","","","","","","","","","","","","","","","","","","","","","","","","","","","","","","","","","","","","","","","","","","","","","103072547","46943091","62430399","71718329","60090697","72434479","71161857","63227844","67493901","79026656","","90992774","83151757",
"Lower middle income","LMC","High-technology exports (current US$)","TX.VAL.TECH.CD","","","","","","","","","","","","","","","","","","","","","","","","","","","","","","","","","","","","","","","","","","","","","","","","","","","","","","","66495189483","73794924854","80277753270","134262950834","148690173009","","",
"Low & middle income","LMY","High-technology exports (current US$)","TX.VAL.TECH.CD","","","","","","","","","","","","","","","","","","","","","","","","","","","","","","","","","","","","","","","","","","","","","","","","","","","","","","924359301691","935063480308","932195722275","882328559496","1020732543668","1133744300185","","",
"Lesotho","LSO","High-technology exports (current US$)","TX.VAL.TECH.CD","","","","","","","","","","","","","","","","","","","","","","","","","","","","","","","","","","","","","","","","","","","","","","","","","","","","","","","","682350","827952","1254081","","","",
"Late-demographic dividend","LTE","High-technology exports (current US$)","TX.VAL.TECH.CD","","","","","","","","","","","","","","","","","","","","","","","","","","","","","","","","","","","","","","","","","","","","","","","","","","510039516673","649658996259","729651213840","796874050001","876165135865","890290165463","896039720781","852983394155","947428563804","1057423784858","1039918394334","",
"Lithuania","LTU","High-technology exports (current US$)","TX.VAL.TECH.CD","","","","","","","","","","","","","","","","","","","","","","","","","","","","","","","","","","","","","","","","","","","","","","","","1262795529","1547215041","961309552","1263667492","1583461183","1712087878","1907024595","2093093373","1920341226","1963431129","2317936056","2516321413","2527024759","2619235798",
"Luxembourg","LUX","High-technology exports (current US$)","TX.VAL.TECH.CD","","","","","","","","","","","","","","","","","","","","","","","","","","","","","","","","","","","","","","","","","","","","","","","","1411406502","1146674832","1044151971","962856325","1135855717","925030454","743238936","679502822","702202236","811594546","786641159","858269925","791663677","615737844",
"Latvia","LVA","High-technology exports (current US$)","TX.VAL.TECH.CD","","","","","","","","","","","","","","","","","","","","","","","","","","","","","","","","","","","","","","","","","","","","","","","","356719940","430105241","375922456","430707595","633815820","777098343","1082425231","1329488674","1291458329","1203458453","1413240988","1881856793","1471919256","1814600262",
"Macao SAR, China","MAC","High-technology exports (current US$)","TX.VAL.TECH.CD","","","","","","","","","","","","","","","","","","","","","","","","","","","","","","","","","","","","","","","","","","","","","","","","44444052","38773741","21512694","","","","","38252.999999997","","","","","","",
"St. Martin (French part)","MAF","High-technology exports (current US$)","TX.VAL.TECH.CD","","","","","","","","","","","","","","","","","","","","","","","","","","","","","","","","","","","","","","","","","","","","","","","","","","","","","","","","","","","","","",
"Morocco","MAR","High-technology exports (current US$)","TX.VAL.TECH.CD","","","","","","","","","","","","","","","","","","","","","","","","","","","","","","","","","","","","","","","","","","","","","","","","","","","","","","","","564392253","602597558","691266542","838959900","1018014031","",
"Monaco","MCO","High-technology exports (current US$)","TX.VAL.TECH.CD","","","","","","","","","","","","","","","","","","","","","","","","","","","","","","","","","","","","","","","","","","","","","","","","","","","","","","","","","","","","","",
"Moldova","MDA","High-technology exports (current US$)","TX.VAL.TECH.CD","","","","","","","","","","","","","","","","","","","","","","","","","","","","","","","","","","","","","","","","","","","","","","","","","","10339499","20511411","19863856","26511802","16758559","26543277","20759441","15491763","30060831","18944087","24973388","36904904",
"Madagascar","MDG","High-technology exports (current US$)","TX.VAL.TECH.CD","","","","","","","","","","","","","","","","","","","","","","","","","","","","","","","","","","","","","","","","","","","","","","","","7358033","7433359","9755514","5518024","52264343","2053172","2591337","4418113","1571831","5124798","3682713","2999286","2679401","",
"Maldives","MDV","High-technology exports (current US$)","TX.VAL.TECH.CD","","","","","","","","","","","","","","","","","","","","","","","","","","","","","","","","","","","","","","","","","","","","","","","","","","","","","","","","","120","708","","","",
"Middle East & North Africa","MEA","High-technology exports (current US$)","TX.VAL.TECH.CD","","","","","","","","","","","","","","","","","","","","","","","","","","","","","","","","","","","","","","","","","","","","","","","","","","12855211763","","15462817915","14858375853","15026288940","16793396109","17886257654","15757322103","15808945275","17228632490","","",
"Mexico","MEX","High-technology exports (current US$)","TX.VAL.TECH.CD","","","","","","","","","","","","","","","","","","","","","","","","","","","","","","","","","","","","","","","","","","","","","","","","","43707714823","38972532897","49291367742","52313656570","57666698884","58572112528","61551701430","60285844432","62455529343","69687047762","74886123830","75234337293","69544184531",
"Marshall Islands","MHL","High-technology exports (current US$)","TX.VAL.TECH.CD","","","","","","","","","","","","","","","","","","","","","","","","","","","","","","","","","","","","","","","","","","","","","","","","","","","","","","","","","","","","","",
"Middle income","MIC","High-technology exports (current US$)","TX.VAL.TECH.CD","","","","","","","","","","","","","","","","","","","","","","","","","","","","","","","","","","","","","","","","","","","","","","","","","","","","775188514584","842941821708","924170799190","934868714748","932029155515","882224561483","1020593705543","1133628551385","1121798108507","",
"North Macedonia","MKD","High-technology exports (current US$)","TX.VAL.TECH.CD","","","","","","","","","","","","","","","","","","","","","","","","","","","","","","","","","","","","","","","","","","","","","","","","23018887","36728604","43323149","81123806","129994717","117341815","122677707","130746438","125087059","82150897","186204272","234170143","252593569","232386369",
"Mali","MLI","High-technology exports (current US$)","TX.VAL.TECH.CD","","","","","","","","","","","","","","","","","","","","","","","","","","","","","","","","","","","","","","","","","","","","","","","","","3373034","","3204182","7320665","3974159","","","","10105788","3021238","","","",
"Malta","MLT","High-technology exports (current US$)","TX.VAL.TECH.CD","","","","","","","","","","","","","","","","","","","","","","","","","","","","","","","","","","","","","","","","","","","","","","","","1491753348","1346504920","1006510130","1185240215","1318065057","1276145313","1017479267","858230375","635089986","592218559","655819653","762250697","758632076","",
"Myanmar","MMR","High-technology exports (current US$)","TX.VAL.TECH.CD","","","","","","","","","","","","","","","","","","","","","","","","","","","","","","","","","","","","","","","","","","","","","","","","","","","58189","3743377","15467021","6071366","15846766","9486539","252834721","285995159","246079374","211591215","202309315",
"Middle East & North Africa (excluding high income)","MNA","High-technology exports (current US$)","TX.VAL.TECH.CD","","","","","","","","","","","","","","","","","","","","","","","","","","","","","","","","","","","","","","","","","","","","","","","","","","1097279349","","","","","","1942689784","","","","","",
"Montenegro","MNE","High-technology exports (current US$)","TX.VAL.TECH.CD","","","","","","","","","","","","","","","","","","","","","","","","","","","","","","","","","","","","","","","","","","","","","","","","","6279001","16652965","8629674","8063951","9889196","6909504","11118361","11848593","5165276","5133057","4246458","9697706","9914687",
"Mongolia","MNG","High-technology exports (current US$)","TX.VAL.TECH.CD","","","","","","","","","","","","","","","","","","","","","","","","","","","","","","","","","","","","","","","","","","","","","","","","7109238","","","","","","22669722","33796542","3152908","35523919","3779198","6763250","39589730","",
"Northern Mariana Islands","MNP","High-technology exports (current US$)","TX.VAL.TECH.CD","","","","","","","","","","","","","","","","","","","","","","","","","","","","","","","","","","","","","","","","","","","","","","","","","","","","","","","","","","","","","",
"Mozambique","MOZ","High-technology exports (current US$)","TX.VAL.TECH.CD","","","","","","","","","","","","","","","","","","","","","","","","","","","","","","","","","","","","","","","","","","","","","","","","","","","","","104748497","83888558","44098230","31400309","12601457","32198905","27220071","4329719","",
"Mauritania","MRT","High-technology exports (current US$)","TX.VAL.TECH.CD","","","","","","","","","","","","","","","","","","","","","","","","","","","","","","","","","","","","","","","","","","","","","","","","","","","","","","","","","44","","","3399","",
"Mauritius","MUS","High-technology exports (current US$)","TX.VAL.TECH.CD","","","","","","","","","","","","","","","","","","","","","","","","","","","","","","","","","","","","","","","","","","","","","","","","","102798711","22748806","6212760","9788104","10637134","6397088","355021.999999997","1289245.99999998","1053133","28412079","31292622","24298902","20091030",
"Malawi","MWI","High-technology exports (current US$)","TX.VAL.TECH.CD","","","","","","","","","","","","","","","","","","","","","","","","","","","","","","","","","","","","","","","","","","","","","","","","","2124185","3758804","2106796","22773567","1672462","11023851","9848473","4022059","26903867","8406539","1679969","4437252","",
"Malaysia","MYS","High-technology exports (current US$)","TX.VAL.TECH.CD","","","","","","","","","","","","","","","","","","","","","","","","","","","","","","","","","","","","","","","","","","","","","","","","","","55657598669","65679346179","66508233664","66500014332","67099495956","70965144695","64474611125","63220193892","74136279705","90395903009","86554988404","92123577046",
"North America","NAC","High-technology exports (current US$)","TX.VAL.TECH.CD","","","","","","","","","","","","","","","","","","","","","","","","","","","","","","","","","","","","","","","","","","","","","","","","275284617911","277422812880","180258479429","196187238536","197599327154","206164224253","204917535568","208797486542","207197935424","203143980771","184240930715","187076387152","188498772664","169530871713",
"Namibia","NAM","High-technology exports (current US$)","TX.VAL.TECH.CD","","","","","","","","","","","","","","","","","","","","","","","","","","","","","","","","","","","","","","","","","","","","","","","","85745572","23868952","44645778","50444955","48113447","108419186","72295515","114014386","6256557","24271281","2161539","2888323","2508912","3763325",
"New Caledonia","NCL","High-technology exports (current US$)","TX.VAL.TECH.CD","","","","","","","","","","","","","","","","","","","","","","","","","","","","","","","","","","","","","","","","","","","","","","","","","5592609","141296676","6491337","160695824","85540787","99288063","137707111","38232166","","","","","",
"Niger","NER","High-technology exports (current US$)","TX.VAL.TECH.CD","","","","","","","","","","","","","","","","","","","","","","","","","","","","","","","","","","","","","","","","","","","","","","","","","","4864092","4619872","3285632","4743782","53489210","72921955","11881005","2506150","17879182","4597297","","",
"Nigeria","NGA","High-technology exports (current US$)","TX.VAL.TECH.CD","","","","","","","","","","","","","","","","","","","","","","","","","","","","","","","","","","","","","","","","","","","","","","","","","","53325602","63825351","40835778","81309415","93865047","150719079","509929276","7388348","18315636","41631961","85424676","",
"Nicaragua","NIC","High-technology exports (current US$)","TX.VAL.TECH.CD","","","","","","","","","","","","","","","","","","","","","","","","","","","","","","","","","","","","","","","","","","","","","","","","5557868","8213173","7447275","6233877","7559400","4660294","7987567","9951099","11891363","17030802","12612402","14952958","24126468","",
"Netherlands","NLD","High-technology exports (current US$)","TX.VAL.TECH.CD","","","","","","","","","","","","","","","","","","","","","","","","","","","","","","","","","","","","","","","","","","","","","","","","83800265539","78401590953","67926426677","77648849738","86017434688","81614077707","81183698811","84729328813","69866168731","71152272667","78188526043","85690573245","87120587840","87609061205",
"Norway","NOR","High-technology exports (current US$)","TX.VAL.TECH.CD","","","","","","","","","","","","","","","","","","","","","","","","","","","","","","","","","","","","","","","","","","","","","","","","4479570005","5511497126","4890835994","4968407206","5394091752","5166856017","5383358032","5713622241","5051355645","4323546006","4272827826","4349108039","4636646551","4134524341",
"Nepal","NPL","High-technology exports (current US$)","TX.VAL.TECH.CD","","","","","","","","","","","","","","","","","","","","","","","","","","","","","","","","","","","","","","","","","","","","","","","","","","2526185","4313163","2783697","816353","1909800","4400040","2850013","4241243","5993527","","","",
"Nauru","NRU","High-technology exports (current US$)","TX.VAL.TECH.CD","","","","","","","","","","","","","","","","","","","","","","","","","","","","","","","","","","","","","","","","","","","","","","","","","","","","","","","","","","","","","",
"New Zealand","NZL","High-technology exports (current US$)","TX.VAL.TECH.CD","","","","","","","","","","","","","","","","","","","","","","","","","","","","","","","","","","","","","","","","","","","","","","","","662664983","637514818","521135131","614260663","925352727","762141618","775319268","699198668","657268111","640393735","564489409","606940905","572752440","590425989",
"OECD members","OED","High-technology exports (current US$)","TX.VAL.TECH.CD","","","","","","","","","","","","","","","","","","","","","","","","","","","","","","","","","","","","","","","","","","","","","","","","1196053571181","1303386257434","1060898534989","1209626592863","1307525947268","1294788402621","1318208858258","1355706464860","1276829040059","1286477995725","1285830972960","1376446942612","1344485227779","1261456348915",
"Oman","OMN","High-technology exports (current US$)","TX.VAL.TECH.CD","","","","","","","","","","","","","","","","","","","","","","","","","","","","","","","","","","","","","","","","","","","","","","","","","","","","","167104202","159946807","230872190","138986752","50129889","48362449","73302558","","",
"Other small states","OSS","High-technology exports (current US$)","TX.VAL.TECH.CD","","","","","","","","","","","","","","","","","","","","","","","","","","","","","","","","","","","","","","","","","","","","","","","","","","","","","","","","","","3029994283","","","",
"Pakistan","PAK","High-technology exports (current US$)","TX.VAL.TECH.CD","","","","","","","","","","","","","","","","","","","","","","","","","","","","","","","","","","","","","","","","","","","","","","","","","279153356","233457654","268284611","330173896","316873000","354220535","264492175","267621853","311291847","360255497","374587947","396193878","309393334",
"Panama","PAN","High-technology exports (current US$)","TX.VAL.TECH.CD","","","","","","","","","","","","","","","","","","","","","","","","","","","","","","","","","","","","","","","","","","","","","","","","","1108996.99999997","900026.000000071","696666.999999899","4877488001","1969956852","2031204424","752236127","655095419","923062482","1361750579","","","",
"Peru","PER","High-technology exports (current US$)","TX.VAL.TECH.CD","","","","","","","","","","","","","","","","","","","","","","","","","","","","","","","","","","","","","","","","","","","","","","","","","121646969","121960054","267465444","322872161","202759364","203768303","206109067","224263734","187310528","212444388","210950542","179330470","",
"Philippines","PHL","High-technology exports (current US$)","TX.VAL.TECH.CD","","","","","","","","","","","","","","","","","","","","","","","","","","","","","","","","","","","","","","","","","","","","","","","","","","","","","","","","","","33502479344","33903553364","35825933401","32818761665",
"Palau","PLW","High-technology exports (current US$)","TX.VAL.TECH.CD","","","","","","","","","","","","","","","","","","","","","","","","","","","","","","","","","","","","","","","","","","","","","","","","","","","","","","","1105649","2231245","3509603","1277066","401591","","",
"Papua New Guinea","PNG","High-technology exports (current US$)","TX.VAL.TECH.CD","","","","","","","","","","","","","","","","","","","","","","","","","","","","","","","","","","","","","","","","","","","","","","","","","","","","67790100","17574763","","","","","","","","",
"Poland","POL","High-technology exports (current US$)","TX.VAL.TECH.CD","","","","","","","","","","","","","","","","","","","","","","","","","","","","","","","","","","","","","","","","","","","","","","","","4192741568","7161585686","7698093652","9588658776","9701793641","10847206586","13842329476","17075505272","16877959173","17382613883","19261853887","22236772391","20354175965","20276511776",
"Pre-demographic dividend","PRE","High-technology exports (current US$)","TX.VAL.TECH.CD","","","","","","","","","","","","","","","","","","","","","","","","","","","","","","","","","","","","","","","","","","","","","","","","","","","","","","","","1213806921","869586760","643266332","","","",
"Puerto Rico","PRI","High-technology exports (current US$)","TX.VAL.TECH.CD","","","","","","","","","","","","","","","","","","","","","","","","","","","","","","","","","","","","","","","","","","","","","","","","","","","","","","","","","","","","","",
"Korea, Dem. People's Rep.","PRK","High-technology exports (current US$)","TX.VAL.TECH.CD","","","","","","","","","","","","","","","","","","","","","","","","","","","","","","","","","","","","","","","","","","","","","","","","","","","","","","","","","","","","","",
"Portugal","PRT","High-technology exports (current US$)","TX.VAL.TECH.CD","","","","","","","","","","","","","","","","","","","","","","","","","","","","","","","","","","","","","","","","","","","","","","","","3502609819","3575980157","1618308116","1498673592","1834211630","1919330026","2135760004","2315726875","2096407037","2457329643","2816236487","2978219490","3595047498","3359568309",
"Paraguay","PRY","High-technology exports (current US$)","TX.VAL.TECH.CD","","","","","","","","","","","","","","","","","","","","","","","","","","","","","","","","","","","","","","","","","","","","","","","","25475195","39796552","40885859","41672311","59112923","56616781","66156749","62065736","50417841","60873339","62253535","102336648","76176090","",
"West Bank and Gaza","PSE","High-technology exports (current US$)","TX.VAL.TECH.CD","","","","","","","","","","","","","","","","","","","","","","","","","","","","","","","","","","","","","","","","","","","","","","","","167530","489469","358718","974636.999999999","696891","1128720","376541","1101491","5860647","4340427","4292150","6243920","6637323","",
"Pacific island small states","PSS","High-technology exports (current US$)","TX.VAL.TECH.CD","","","","","","","","","","","","","","","","","","","","","","","","","","","","","","","","","","","","","","","","","","","","","","","","","","","","","","","","","","","","","",
"Post-demographic dividend","PST","High-technology exports (current US$)","TX.VAL.TECH.CD","","","","","","","","","","","","","","","","","","","","","","","","","","","","","","","","","","","","","","","","","","","","","","","","1262030147445","1331301754912","1073271202172","1243540870332","1331423693705","1316974644660","1339827541636","1370072900287","1283008056299","1280964310414","1577479677483","1702308968143","1657621384269","1604144153081",
"French Polynesia","PYF","High-technology exports (current US$)","TX.VAL.TECH.CD","","","","","","","","","","","","","","","","","","","","","","","","","","","","","","","","","","","","","","","","","","","","","","","","","","11343822","6207963","20506495","2388577","8801278","20726119","11000066","","","","","",
"Qatar","QAT","High-technology exports (current US$)","TX.VAL.TECH.CD","","","","","","","","","","","","","","","","","","","","","","","","","","","","","","","","","","","","","","","","","","","","","","","","","","950860.999999997","","112596","218668.000000005","27939.0000000003","33370.9999999992","205330905","62631.0000000231","292251.999999993","155183661","122141.000000003","465899482",
"Romania","ROU","High-technology exports (current US$)","TX.VAL.TECH.CD","","","","","","","","","","","","","","","","","","","","","","","","","","","","","","","","","","","","","","","","","","","","","","","","1417646339","2623560851","3329566907","4856823006","5673719563","3649893276","3679007733","4473329971","4437963902","5254485304","5558653635","6637140086","6994469377","6984613434",
"Russian Federation","RUS","High-technology exports (current US$)","TX.VAL.TECH.CD","","","","","","","","","","","","","","","","","","","","","","","","","","","","","","","","","","","","","","","","","","","","","","","","4365678062","5534576218","4796518942","5369759303","5810785524","7797725492","9309774146","10482099237","11542728872","11290145982","10483802377","10183007833","10864829654","",
"Rwanda","RWA","High-technology exports (current US$)","TX.VAL.TECH.CD","","","","","","","","","","","","","","","","","","","","","","","","","","","","","","","","","","","","","","","","","","","","","","","","","","14878279","1237490","3358226","1097404","2392668","6763640","8666023","5547308","3552188","3489244","6816497","",
"South Asia","SAS","High-technology exports (current US$)","TX.VAL.TECH.CD","","","","","","","","","","","","","","","","","","","","","","","","","","","","","","","","","","","","","","","","","","","","","","","","","","11674908636","11151712419","14994861712","14410422904","","","","","","","","",
"Saudi Arabia","SAU","High-technology exports (current US$)","TX.VAL.TECH.CD","","","","","","","","","","","","","","","","","","","","","","","","","","","","","","","","","","","","","","","","","","","","","","","","134397210","180686093","209615941","202105320","213847736","258048056","289531027","254585411","278105527","421118895","261725653","252680849","270579693","",
"Sudan","SDN","High-technology exports (current US$)","TX.VAL.TECH.CD","","","","","","","","","","","","","","","","","","","","","","","","","","","","","","","","","","","","","","","","","","","","","","","","","35371.9999999998","10731495","64633","584912","6500","1401074","1230308","1014184","1526016","549176","869554","","",
"Senegal","SEN","High-technology exports (current US$)","TX.VAL.TECH.CD","","","","","","","","","","","","","","","","","","","","","","","","","","","","","","","","","","","","","","","","","","","","","","","","","48941472","105118317","14627177","9068038","8550765","11616694","14516361","28135399","23026460","18809131","28155692","9412110","7555947",
"Singapore","SGP","High-technology exports (current US$)","TX.VAL.TECH.CD","","","","","","","","","","","","","","","","","","","","","","","","","","","","","","","","","","","","","","","","","","","","","","","","109439797761","123853063584","99762941900","131971304322","132291714560","136622285147","143758756182","145601846763","139341724308","135616252594","147178835744","155446548683","150958791008","161271294760",
"Solomon Islands","SLB","High-technology exports (current US$)","TX.VAL.TECH.CD","","","","","","","","","","","","","","","","","","","","","","","","","","","","","","","","","","","","","","","","","","","","","","","","","","","","","","","","193415","525542","305201","171263","","",
"Sierra Leone","SLE","High-technology exports (current US$)","TX.VAL.TECH.CD","","","","","","","","","","","","","","","","","","","","","","","","","","","","","","","","","","","","","","","","","","","","","","","","","","","","","","","2251","552.999999999997","1151.00000000001","1348.99999999993","378767","","",
"El Salvador","SLV","High-technology exports (current US$)","TX.VAL.TECH.CD","","","","","","","","","","","","","","","","","","","","","","","","","","","","","","","","","","","","","","","","","","","","","","","","190282218","202277691","178006148","235605826","238653934","225446747","227689954","226164846","209056904","223937030","251219313","277848371","230311113","235841503",
"San Marino","SMR","High-technology exports (current US$)","TX.VAL.TECH.CD","","","","","","","","","","","","","","","","","","","","","","","","","","","","","","","","","","","","","","","","","","","","","","","","","","","","","","","","","","","","","",
"Somalia","SOM","High-technology exports (current US$)","TX.VAL.TECH.CD","","","","","","","","","","","","","","","","","","","","","","","","","","","","","","","","","","","","","","","","","","","","","","","","","","","","","","","","","","","","","",
"Serbia","SRB","High-technology exports (current US$)","TX.VAL.TECH.CD","","","","","","","","","","","","","","","","","","","","","","","","","","","","","","","","","","","","","","","","","","","","","","","","264460846","318766457","293928985","309509259","326374280","461948405","438205346","449012575","390638512","406369789","396951920","458079442","","",
"Sub-Saharan Africa (excluding high income)","SSA","High-technology exports (current US$)","TX.VAL.TECH.CD","","","","","","","","","","","","","","","","","","","","","","","","","","","","","","","","","","","","","","","","","","","","","","","","","","","","","","","3832924482","4211906168","3376655791","2994464351","2915979107","","",
"South Sudan","SSD","High-technology exports (current US$)","TX.VAL.TECH.CD","","","","","","","","","","","","","","","","","","","","","","","","","","","","","","","","","","","","","","","","","","","","","","","","","","","","","","","","","","","","","",
"Sub-Saharan Africa","SSF","High-technology exports (current US$)","TX.VAL.TECH.CD","","","","","","","","","","","","","","","","","","","","","","","","","","","","","","","","","","","","","","","","","","","","","","","","","","","","","","","3833591011","4213295293","3377713782","3029578419","2921500397","","",
"Small states","SST","High-technology exports (current US$)","TX.VAL.TECH.CD","","","","","","","","","","","","","","","","","","","","","","","","","","","","","","","","","","","","","","","","","","","","","","","","","","","","","","","","","","","","","",
"Sao Tome and Principe","STP","High-technology exports (current US$)","TX.VAL.TECH.CD","","","","","","","","","","","","","","","","","","","","","","","","","","","","","","","","","","","","","","","","","","","","","","","","","","","","4359","101787","117701","4081","222420","739677","386566","1332855","191951","",
"Suriname","SUR","High-technology exports (current US$)","TX.VAL.TECH.CD","","","","","","","","","","","","","","","","","","","","","","","","","","","","","","","","","","","","","","","","","","","","","","","","","","","5516346","5886909","11675458","4466089","7305535","2471126","2519617","1028529","1169002","2914164","",
"Slovak Republic","SVK","High-technology exports (current US$)","TX.VAL.TECH.CD","","","","","","","","","","","","","","","","","","","","","","","","","","","","","","","","","","","","","","","","","","","","","","","","2684224202","3057611784","3066060303","4113247653","5012465108","6439164997","8092166008","8401134883","7461127959","7484803091","8812917854","8967347835","8048293470","7978617512",
"Slovenia","SVN","High-technology exports (current US$)","TX.VAL.TECH.CD","","","","","","","","","","","","","","","","","","","","","","","","","","","","","","","","","","","","","","","","","","","","","","","","1322105036","1647570246","1331655554","1260209893","1500641554","1492976482","1586935544","1622659448","1556407125","1673787135","1755384350","2089386354","2333334083","2542444403",
"Sweden","SWE","High-technology exports (current US$)","TX.VAL.TECH.CD","","","","","","","","","","","","","","","","","","","","","","","","","","","","","","","","","","","","","","","","","","","","","","","","22034880513","23863033813","18679723978","23223913842","25945757020","22234439753","21894362861","21452765399","18980418742","19144559630","17434042461","17442088069","17554657808","17805945123",
"Eswatini","SWZ","High-technology exports (current US$)","TX.VAL.TECH.CD","","","","","","","","","","","","","","","","","","","","","","","","","","","","","","","","","","","","","","","","","","","","","","","","","2317409","2101944","2330102","1354477","694569","1155806","1058006","2766946","2243950","3620867","11432106","3567980","",
"Sint Maarten (Dutch part)","SXM","High-technology exports (current US$)","TX.VAL.TECH.CD","","","","","","","","","","","","","","","","","","","","","","","","","","","","","","","","","","","","","","","","","","","","","","","","","","","","","","","","","","","","","",
"Seychelles","SYC","High-technology exports (current US$)","TX.VAL.TECH.CD","","","","","","","","","","","","","","","","","","","","","","","","","","","","","","","","","","","","","","","","","","","","","","","","","","","","","","1105728","666529","1389125","1057991","35114068","5521289.99999999","1946595","",
"Syrian Arab Republic","SYR","High-technology exports (current US$)","TX.VAL.TECH.CD","","","","","","","","","","","","","","","","","","","","","","","","","","","","","","","","","","","","","","","","","","","","","","","","","89352342","47288927","42302624","","","","","","","","","","",
"Turks and Caicos Islands","TCA","High-technology exports (current US$)","TX.VAL.TECH.CD","","","","","","","","","","","","","","","","","","","","","","","","","","","","","","","","","","","","","","","","","","","","","","","","","","","","142047","208171","","","","","","","","",
"Chad","TCD","High-technology exports (current US$)","TX.VAL.TECH.CD","","","","","","","","","","","","","","","","","","","","","","","","","","","","","","","","","","","","","","","","","","","","","","","","","","","","","","","","","","","","","",
"East Asia & Pacific (IDA & IBRD countries)","TEA","High-technology exports (current US$)","TX.VAL.TECH.CD","","","","","","","","","","","","","","","","","","","","","","","","","","","","","","","","","","","","","","","","","","","","","","","","","","","","","","","","","","","","","",
"Europe & Central Asia (IDA & IBRD countries)","TEC","High-technology exports (current US$)","TX.VAL.TECH.CD","","","","","","","","","","","","","","","","","","","","","","","","","","","","","","","","","","","","","","","","","","","","","","","","","","21586193360","26745767166","31163072101","34447291314","39996995686","45525730803","44673148381","44753138165","46809722156","50688929463","50512073534","35241539869",
"Togo","TGO","High-technology exports (current US$)","TX.VAL.TECH.CD","","","","","","","","","","","","","","","","","","","","","","","","","","","","","","","","","","","","","","","","","","","","","","","","","97772","255620","164313","1326705","685092.000000001","939714","531886","1245120","289271","3202735","1293398","710008","",
"Thailand","THA","High-technology exports (current US$)","TX.VAL.TECH.CD","","","","","","","","","","","","","","","","","","","","","","","","","","","","","","","","","","","","","","","","","","","","","","","","32485960815","33513927457","30091240025","37211031831","36167465191","37195246417","37090554338","38523244046","38877663111","39083699792","43987099050","44795081987","40263648711","45968349192",
"Tajikistan","TJK","High-technology exports (current US$)","TX.VAL.TECH.CD","","","","","","","","","","","","","","","","","","","","","","","","","","","","","","","","","","","","","","","","","","","","","","","","","","","","","","","","","","","","","",
"Turkmenistan","TKM","High-technology exports (current US$)","TX.VAL.TECH.CD","","","","","","","","","","","","","","","","","","","","","","","","","","","","","","","","","","","","","","","","","","","","","","","","","","","","","","","","","","","","","",
"Latin America & the Caribbean (IDA & IBRD countries)","TLA","High-technology exports (current US$)","TX.VAL.TECH.CD","","","","","","","","","","","","","","","","","","","","","","","","","","","","","","","","","","","","","","","","","","","","","","","","","","52561387905","64224159617","72998909380","75909650750","77324782064","77893353247","75566949149","78913772560","87240085869","90569672953","88787024432","",
"Timor-Leste","TLS","High-technology exports (current US$)","TX.VAL.TECH.CD","","","","","","","","","","","","","","","","","","","","","","","","","","","","","","","","","","","","","","","","","","","","","","","","","","","","","","","","","","","","","",
"Middle East & North Africa (IDA & IBRD countries)","TMN","High-technology exports (current US$)","TX.VAL.TECH.CD","","","","","","","","","","","","","","","","","","","","","","","","","","","","","","","","","","","","","","","","","","","","","","","","","","1096920631","","","","","","1936829137","","","","","",
"Tonga","TON","High-technology exports (current US$)","TX.VAL.TECH.CD","","","","","","","","","","","","","","","","","","","","","","","","","","","","","","","","","","","","","","","","","","","","","","","","","","8644","242","1264","152533","56675.9999999999","28003","","","","","","",
"South Asia (IDA & IBRD)","TSA","High-technology exports (current US$)","TX.VAL.TECH.CD","","","","","","","","","","","","","","","","","","","","","","","","","","","","","","","","","","","","","","","","","","","","","","","","","","11674908636","11151712419","14994861712","14410422904","","","","","","","","",
"Sub-Saharan Africa (IDA & IBRD countries)","TSS","High-technology exports (current US$)","TX.VAL.TECH.CD","","","","","","","","","","","","","","","","","","","","","","","","","","","","","","","","","","","","","","","","","","","","","","","","","","","","","","","3833591011","4213295293","3377713782","3029578419","2921500397","","",
"Trinidad and Tobago","TTO","High-technology exports (current US$)","TX.VAL.TECH.CD","","","","","","","","","","","","","","","","","","","","","","","","","","","","","","","","","","","","","","","","","","","","","","","","61152611","36207870","3466997","2859229","6491931","33519356","10410762","6663099","5675253.00000003","","","","","",
"Tunisia","TUN","High-technology exports (current US$)","TX.VAL.TECH.CD","","","","","","","","","","","","","","","","","","","","","","","","","","","","","","","","","","","","","","","","","","","","","","","","","775079197","746372378","999867622","1088158471","856102212","805692837","871477651","838438493","879283155","850853009","832918092","840507140","",
"Turkey","TUR","High-technology exports (current US$)","TX.VAL.TECH.CD","","","","","","","","","","","","","","","","","","","","","","","","","","","","","","","","","","","","","","","","","","","","","","","","1885162261","1930191471","1583107140","1948819658","2206768903","2337357015","3793480827","4310898804","3881365447","3439090645","4102967451","3765481188","4302066914","4196985792",
"Tuvalu","TUV","High-technology exports (current US$)","TX.VAL.TECH.CD","","","","","","","","","","","","","","","","","","","","","","","","","","","","","","","","","","","","","","","","","","","","","","","","","","","","","","","","","","","","","",
"Tanzania","TZA","High-technology exports (current US$)","TX.VAL.TECH.CD","","","","","","","","","","","","","","","","","","","","","","","","","","","","","","","","","","","","","","","","","","","","","","","","","16341411","18568819","27507643","44767416","105568119","54800135","28112715","9849468","17983736","16962666","186258425","","",
"Uganda","UGA","High-technology exports (current US$)","TX.VAL.TECH.CD","","","","","","","","","","","","","","","","","","","","","","","","","","","","","","","","","","","","","","","","","","","","","","","","","5462447","3637333","6763440","153379164","177393165","9211171","11574770","9670945","8440320","8123723","19912643","","11771659",
"Ukraine","UKR","High-technology exports (current US$)","TX.VAL.TECH.CD","","","","","","","","","","","","","","","","","","","","","","","","","","","","","","","","","","","","","","","","","","","","","","","","","","","","2170226921","2877410336","2491983569","2222441328","1626367584","1245921696","1267145051","1247555874","1247990022","1248167887",
"Upper middle income","UMC","High-technology exports (current US$)","TX.VAL.TECH.CD","","","","","","","","","","","","","","","","","","","","","","","","","","","","","","","","","","","","","","","","","","","","","","","","","","511677355481","660293325053","736347588399","795287162484","861787029939","868373525265","858234230661","801946808213","886330754709","984938378376","960293417469","",
"Uruguay","URY","High-technology exports (current US$)","TX.VAL.TECH.CD","","","","","","","","","","","","","","","","","","","","","","","","","","","","","","","","","","","","","","","","","","","","","","","","49306191","82005246","81823095","116183372","136348949","198244856","194422906","178779704","273942982","153433875","129215276","120197863","115768291","113421790",
"United States","USA","High-technology exports (current US$)","TX.VAL.TECH.CD","","","","","","","","","","","","","","","","","","","","","","","","","","","","","","","","","","","","","","","","","","","","","","","","244479591930","246884073465","154108484413","168939400532","169464157156","172387240523","172145368079","179263970137","178349526944","176346133543","156640128842","156037130461","156074126641","143489383252",
"Uzbekistan","UZB","High-technology exports (current US$)","TX.VAL.TECH.CD","","","","","","","","","","","","","","","","","","","","","","","","","","","","","","","","","","","","","","","","","","","","","","","","","","","","","","","","","","41086846","12428993","20483658","50754263",
"St. Vincent and the Grenadines","VCT","High-technology exports (current US$)","TX.VAL.TECH.CD","","","","","","","","","","","","","","","","","","","","","","","","","","","","","","","","","","","","","","","","","","","","","","","","","","44381.0000000003","8505","1400.00000000003","2654","11118.9999999999","2092.99999999985","","185.000000000059","55.0000000000068","110.99999999999","1120024","",
"Venezuela, RB","VEN","High-technology exports (current US$)","TX.VAL.TECH.CD","","","","","","","","","","","","","","","","","","","","","","","","","","","","","","","","","","","","","","","","","","","","","","","","","","","","","","","","","","","","","",
"British Virgin Islands","VGB","High-technology exports (current US$)","TX.VAL.TECH.CD","","","","","","","","","","","","","","","","","","","","","","","","","","","","","","","","","","","","","","","","","","","","","","","","","","","","","","","","","","","","","",
"Virgin Islands (U.S.)","VIR","High-technology exports (current US$)","TX.VAL.TECH.CD","","","","","","","","","","","","","","","","","","","","","","","","","","","","","","","","","","","","","","","","","","","","","","","","","","","","","","","","","","","","","",
"Vietnam","VNM","High-technology exports (current US$)","TX.VAL.TECH.CD","","","","","","","","","","","","","","","","","","","","","","","","","","","","","","","","","","","","","","","","","","","","","","","","","3013196849","3533737534","6068690971","11706749291","21344684276","32759458404","36377184989","47523875603","55215295475","74113940404","82613421026","90436077041","101537104671",
"Vanuatu","VUT","High-technology exports (current US$)","TX.VAL.TECH.CD","","","","","","","","","","","","","","","","","","","","","","","","","","","","","","","","","","","","","","","","","","","","","","","","","","","","","","","","","","","","","",
"World","WLD","High-technology exports (current US$)","TX.VAL.TECH.CD","","","","","","","","","","","","","","","","","","","","","","","","","","","","","","","","","","","","","","","","","","","","","","","","","","","","","2215930464367","2324238556015","2372186822588","2286571518547","2240505492954","2674617387621","2918769160911","","",
"Samoa","WSM","High-technology exports (current US$)","TX.VAL.TECH.CD","","","","","","","","","","","","","","","","","","","","","","","","","","","","","","","","","","","","","","","","","","","","","","","","","","183567","591471","365979","114963","210811","429821","146345","171154","74642","142117","105679","",
"Kosovo","XKX","High-technology exports (current US$)","TX.VAL.TECH.CD","","","","","","","","","","","","","","","","","","","","","","","","","","","","","","","","","","","","","","","","","","","","","","","","","","","","","","","","","","","","","",
"Yemen, Rep.","YEM","High-technology exports (current US$)","TX.VAL.TECH.CD","","","","","","","","","","","","","","","","","","","","","","","","","","","","","","","","","","","","","","","","","","","","","","","","","","382625","398147.999999999","678968.000000001","584721","2668283","1319726","5030503","","","","","",
"South Africa","ZAF","High-technology exports (current US$)","TX.VAL.TECH.CD","","","","","","","","","","","","","","","","","","","","","","","","","","","","","","","","","","","","","","","","","","","","","","","","1933241745","2088731883","1491786653","2504909082","2743512237","2861663843","2614982073","2808161581","2823858584","2398334403","2198489231","2097575871","1832937779","1837384291",
"Zambia","ZMB","High-technology exports (current US$)","TX.VAL.TECH.CD","","","","","","","","","","","","","","","","","","","","","","","","","","","","","","","","","","","","","","","","","","","","","","","","","9075537","6210779","4744232","15301948","54715143","40338876","21085881","53313918","256257250","36465219","25805507","22478701","10697410",
"Zimbabwe","ZWE","High-technology exports (current US$)","TX.VAL.TECH.CD","","","","","","","","","","","","","","","","","","","","","","","","","","","","","","","","","","","","","","","","","","","","","","","","","58986684","7581241","9513492","8996040","20209902","19021956","12140907","11830010","13735166","11206210","9719357","27810712","8277373",
